name,age,job,city
Alice,29,Software Engineer,San Francisco
Bob,35,Data Scientist,New York
Charlie,28,Web Developer,Los Angeles
David,42,Project Manager,Chicago
Eva,31,UX Designer,Houston
Frank,40,Product Manager,San Jose
Grace,27,Marketing Specialist,San Diego
Hank,33,Database Administrator,Philadelphia
Ivy,24,Graphic Designer,Phoenix
Jack,37,Data Analyst,San Antonio
Kara,30,Research Scientist,San Diego
Leo,41,HR Manager,Dallas
Mia,26,Content Writer,San Jose
Nate,38,Systems Analyst,San Francisco
Olivia,32,Accountant,New York
Paul,29,Web Designer,Chicago
Quinn,36,Mechanical Engineer,Los Angeles
Rita,28,Sales Manager,Houston
Steve,39,Electrical Engineer,San Antonio
Tina,34,Operations Manager,Philadelphia
Ulysses,30,Digital Marketer,San Diego
Vera,27,Software Tester,Phoenix
Will,41,DevOps Engineer,San Jose
Xena,26,Social Media Manager,San Francisco
Yves,37,Network Engineer,New York
Zara,28,Administrative Assistant,Los Angeles
Adam,33,Content Strategist,Chicago
Bella,25,Customer Support Specialist,Houston
Chris,29,IT Consultant,San Antonio
Diana,40,Business Analyst,San Diego
Ethan,31,Sales Engineer,San Francisco
Fiona,38,Marketing Director,Philadelphia
George,27,Data Engineer,Phoenix
Hannah,35,UX Researcher,San Jose
Ian,32,Software Architect,San Diego
Jill,30,Product Designer,San Francisco
Kevin,29,Java Developer,New York
Laura,36,Copywriter,Los Angeles
Mike,41,Database Developer,Chicago
Nina,28,Product Marketing Manager,Houston
Oscar,33,IT Project Manager,San Antonio
Penny,30,Technical Writer,San Diego
Quincy,37,Cloud Solutions Architect,San Francisco
Rachel,26,SEO Specialist,New York
Sam,34,Business Development Manager,Los Angeles
Tina,29,IT Support Specialist,Chicago
Ursula,41,Web Analyst,Houston
Victor,27,Network Administrator,San Antonio
Wendy,35,Frontend Developer,San Diego
Xander,32,Backend Developer,San Francisco
Yara,29,DevOps Consultant,New York
Zane,38,Product Owner,Los Angeles
Amelia,28,Cloud Engineer,Chicago
Ben,30,Marketing Manager,Houston
Clara,32,Software Developer,San Antonio
Daniel,35,Business Intelligence Analyst,San Diego
Ella,27,Quality Assurance Specialist,San Francisco
Frank,36,Data Scientist,New York
Gina,29,Content Editor,Los Angeles
Henry,41,Security Analyst,Chicago
Iris,30,Full Stack Developer,Houston
John,38,Game Developer,San Antonio
Kylie,26,Technical Support Engineer,San Diego
Liam,32,Cloud Architect,San Francisco
Maya,28,Product Designer,New York
Noah,35,AI Engineer,Los Angeles
Olivia,30,Software Engineer,Chicago
Paul,29,Web Developer,Houston
Quinn,36,Data Engineer,San Antonio
Riley,27,Graphic Designer,San Diego
Sophie,33,UX Designer,San Francisco
Tom,30,Network Engineer,New York
Uma,28,Product Marketing Manager,Los Angeles
Vera,35,Content Strategist,Chicago
Will,29,Web Developer,Houston
Xander,32,Software Tester,San Antonio
Yvonne,27,IT Support Specialist,San Diego
Zach,40,Data Analyst,San Francisco
Alice,31,Marketing Specialist,New York
Bob,29,Software Engineer,Los Angeles
Charlie,38,Project Manager,Chicago
David,26,UX Designer,Houston
Eva,32,HR Manager,San Antonio
Frank,34,Data Scientist,San Diego
Grace,37,Research Scientist,San Francisco
Hank,30,Product Designer,New York
Ivy,28,Sales Manager,Los Angeles
Jack,39,Web Developer,Chicago
Kara,27,Content Writer,Houston
Leo,31,Software Architect,San Antonio
Mia,35,Operations Manager,San Diego
Nate,29,Database Administrator,San Francisco
Olivia,32,Technical Writer,New York
Paul,40,Cloud Solutions Architect,Los Angeles
Quinn,28,Marketing Director,Chicago
Rita,37,Data Engineer,Houston
Steve,26,Product Marketing Manager,San Antonio
Tina,34,Full Stack Developer,San Diego
Ulysses,32,Software Developer,San Francisco
Vera,30,IT Consultant,New York
Will,27,Web Analyst,Los Angeles
Xena,33,Database Developer,Chicago
Yves,29,Digital Marketer,Houston
Zara,38,Sales Engineer,San Antonio
Adam,27,Technical Support Specialist,San Diego
Bella,34,UX Researcher,San Francisco
Chris,30,Software Tester,New York
Diana,37,Content Editor,Los Angeles
Ethan,28,Project Manager,Chicago
Fiona,41,Business Analyst,Houston
George,30,Product Designer,San Antonio
Hannah,32,Full Stack Developer,San Diego
Ian,29,Cloud Architect,San Francisco
Jill,35,Network Administrator,New York
Kevin,27,Web Developer,Los Angeles
Laura,38,Data Analyst,Chicago
Mike,30,Security Analyst,Houston
Nina,33,Software Developer,San Antonio
Oscar,27,Marketing Specialist,San Diego
Penny,34,UX Designer,San Francisco
Quincy,29,AI Engineer,New York
Rachel,32,Database Administrator,Los Angeles
Sam,35,Software Engineer,Chicago
Tina,28,Technical Writer,Houston
Ursula,30,Product Marketing Manager,San Antonio
Victor,33,Data Scientist,San Diego
Wendy,29,Network Engineer,San Francisco
Xander,36,Web Analyst,New York
Yara,27,Digital Marketer,Los Angeles
Zane,40,Technical Support Engineer,Chicago
Amelia,31,HR Manager,Houston
Ben,28,Software Architect,San Antonio
Clara,37,Cloud Solutions Architect,San Diego
Daniel,30,IT Consultant,San Francisco
Ella,32,Data Scientist,New York
Frank,29,Business Intelligence Analyst,Los Angeles
Gina,26,Content Editor,Chicago
Henry,35,Operations Manager,Houston
Iris,30,Database Developer,San Antonio
John,38,Software Engineer,San Diego
Kylie,27,UX Researcher,San Francisco
Liam,31,Web Developer,New York
Maya,28,Technical Support Specialist,Los Angeles
Noah,34,Product Designer,Chicago
Olivia,32,Content Strategist,Houston
Paul,29,Marketing Manager,San Antonio
Quinn,26,Full Stack Developer,San Diego
Riley,35,Cloud Architect,San Francisco
Sophie,28,Product Marketing Manager,New York
Tom,31,Data Engineer,Los Angeles
Uma,30,Web Developer,Chicago
Vera,29,Sales Engineer,Houston
Will,36,Marketing Specialist,San Antonio
Xander,27,Technical Support Specialist,San Diego
Yvonne,33,Software Tester,San Francisco
Zach,32,AI Engineer,New York
Alice,30,Data Analyst,Los Angeles
Bob,27,Product Manager,Chicago
Charlie,34,Software Developer,Houston
David,28,Sales Manager,San Antonio
Eva,35,UX Designer,San Diego
Frank,29,Content Writer,San Francisco
Grace,31,Product Marketing Manager,New York
Hank,38,IT Consultant,Los Angeles
Ivy,27,Database Administrator,Chicago
Jack,30,Cloud Solutions Architect,Houston
Kara,33,Full Stack Developer,San Antonio
Leo,32,Security Analyst,San Diego
Mia,28,Web Developer,San Francisco
Nate,37,Data Scientist,New York
Olivia,29,Marketing Director,Los Angeles
Paul,30,Technical Support Engineer,Chicago
Quinn,35,Product Designer,Houston
Rita,28,Digital Marketer,San Antonio
Steve,32,Sales Engineer,San Diego
Tina,27,Content Strategist,San Francisco
Ulysses,30,AI Engineer,New York
Vera,33,Software Architect,Los Angeles